SKU,Product_Name,Product_Description,Quantity,Product_Location
124085395,Fexofenadine,Fexofenadine,4073,RU
124499885,Serdaen,Chlorhexidine Diacetate,3817,IL
125299402,Ranitidine,Ranitidine,993,US
126222868,Stool Softener with Laxative,Docusate sodium and Sennosides,2340,ID
128039710,Promethazine Hydrochloride,Promethazine Hydrochloride,1632,IR
128843659,Famotidine,Famotidine,2050,TN
129177703,Naproxen,Naproxen,4485,RU
130774946,Chlorpheniramine maleate,Chlorpheniramine maleate,4940,JP
135477960,Diabetic Tussin DM,Dextromethorphan hydrobromide and Guaifenesin,2461,RU
135977952,Irbesartan and Hydrochlorothiazide,Irbesartan and Hydrochlorothiazide,1277,LY
136000245,Antibacterial Hand Sanitizer,ETHYL ALCOHOL,3780,PT
136387123,Baza Cleanse and Protect,DIMETHICONE,1039,KE
136899088,Glycopyrrolate,Glycopyrrolate,2794,UA
137133231,Hydrocortisone Acetate,HYDROCORTISONE ACETATE,440,CO
138125028,Actos,pioglitazone,3377,RU
138683286,Fenofibric Acid,Fenofibric Acid,1115,FR
138768482,"TERRACOTTA JOLI TEINT BEAUTIFYING FOUNDATION WITH SUNSCREEN SUN-KISSED, HEALTHY GLOW BROAD SPECTRUM SPF 20 LIGHT","OCTINOXATE, TITANIUM DIOXIDE",3343,JP
140705886,NIACIN,NIACIN,4475,CN
141372533,Clopidogrel,Clopidogrel Bisulfate,841,ZA
141745846,TERUFLEX Blood Bag System with Diversion Blood Sampling Arm Anticoagulant Citrate Phosphate Dextrose (CPD) AND OPTISOL (AS-5) Red Cell Preservative,Anticoagulant Citrate Phosphate Dextrose (CPD) AND AS-5 Red Cell Preservative,3384,PH
141787112,NiteTime DayTime,"acetaminophen, dextromethorphan HBr, doxylamine succinate, phenylephrine HCl",2092,CN
142558416,DIANEAL Low Calcium with Dextrose,"sodium chloride, sodium lactate, calcium chloride, magnesium chloride and dextrose",3851,US
143197300,triple antibiotic plus,"Bacitracin, Neomycin, Polymyxin B, Pramoxine HCl",998,CN
144449937,"3-RAGWEED MIX, GIANT/SHORT/WESTERN POLLEN",ambrosia psilostachya pollen and ambrosia trifida pollen and ambrosia artemisiifolia pollen,4492,RU
144943653,Tramadol Hydrochloride,Tramadol Hydrochloride,1114,CN
145062294,Ocean Potion Instant Dry 30 Mist Water Sport Sunscreen,"avobenzone, homosalate, octisalate, octocrylene",3424,CN
145285176,acyclovir,acyclovir,3257,RU
145513909,Nitrogen,Nitrogen,197,RU
148826252,Allergy Relief,Cetirizine Hydrochloride,3473,MT
149675689,Gleevec,imatinib mesylate,1958,BR
150665029,sumatriptan succinate,sumatriptan succinate,767,ID
151373003,TESTOSTERONE ENANTHATE,TESTOSTERONE ENANTHATE,3894,CN
152497564,Nafcillin Sodium,Nafcillin Sodium,2967,ID
153917484,Sensorcaine,BUPIVACAINE HYDROCHLORIDE,1016,FR
155287209,DECAVAC,CLOSTRIDIUM TETANI TOXOID ANTIGEN (FORMALDEHYDE INACTIVATED) and CORYNEBACTERIUM DIPHTHERIAE TOXOID ANTIGEN (FORMALDEHYDE INACTIVATED),853,AR
155470538,CELEBREX,CELECOXIB,4447,TZ
155901704,up and up nicotine polacrilex,Nicotine Polacrilex,1898,ID
156349188,ZAFIRLUKAST,Zafirlukast,589,US
156385722,Childrens Ibuprofen,Ibuprofen,2732,CN
159779971,Ecolab,Chloroxylenol,1032,BR
161022655,Rizatriptan Benzoate,rizatriptan benzoate,4357,CL
161044955,GREEN OLIVE,green olive,1488,HR
163209488,SE 10-5 SS,"SODIUM SULFACETAMIDE, SULFUR",489,ID
163589045,Denavir,penciclovir,104,YE
163987312,MacerRx Web,MICONAZOLE NITRATE,1850,KZ
164556923,Clarithromycin,Clarithromycin,3658,CN
165964277,GAMMAGARD LIQUID,Human Immunoglobulin G,4682,HU
166399590,Acetaminophen And Codeine,acetaminophen and codeine phosphate,4240,ID
169537814,Dermectin Sunscreen,Titanium Dioxide,2273,PH
169949343,Assured,DL-Camphor L-Menthol Methyl Salicylate,1540,NO
170172949,TopCare Nicotine,Nicotine Polacrilex,4263,KZ
170487576,Zodryl AC 25,Chlorpheniramine Maleate and Codeine Phosphate,4242,PT
172280402,PSORIASIS CONTROL,SALICYLIC ACID,3181,CN
172760825,Amlodipine Besylate and Benazepril Hydrochloride,Amlodipine Besylate and Benazepril Hydrochloride,2697,LU
174338848,FENTANYL CITRATE,Fentanyl Citrate,3057,PL
174603817,Male Tonicity,"american ginseng, arnica montana, turnera diffusa leafy twig, herring sperm DNA, galium aparine, hamamelis virginiana root bark/stem bark, pork liver, cervus elaphus horn oil, ovis aries testicle, phosphoric acid, sus scrofa pituitary gland, thuja occidentalis leafy twig, thyroid, unspecified, tribulus terrestris, ginger",4675,PL
176369983,Berry Scented Hand Sanitizer,Benzalkonium Chloride,3958,ID
176439383,Jasmine 3D Whipping Essence,Glycerin,2911,FR
179414222,Synthroid,Levothyroxine Sodium,3441,VE
179921177,Metronidazole,Metronidazole,404,RU
180539031,StaphWash Plus,zinc acetate,3158,CM
181194942,Thuja occidentalis,Thuja occidentalis,2119,CO
182590277,Secret Clinical Advanced,Aluminum Zirconium Trichlorohydrex Gly,729,ET
183003688,Lanoderm,OTC Skin Protectant Drug Products,3410,YE
183082574,AmerFresh,Sodium Monofluorophosphate,1119,CO
183752292,LISINOPRIL,Lisinopril,3042,FR
184164545,Ceftriaxone Sodium,Ceftriaxone Sodium,3663,CN
184581785,furosemide,furosemide,1221,PT
184787324,Haloperidol,Haloperidol,1759,IR
185452289,"ASH MIX, GREEN/WHITE POLLEN",fraxinus americana pollen and fraxinus pennsylvanica pollen,325,NO
185655246,Ferrous Sulfate,Iron,410,HU
185907132,Ibuprofen,Ibuprofen,786,ID
187429579,Allergy Relief,Cetirizine Hydrochloride,4713,IR
190009447,Naratriptan,naratriptan,2775,ID
192411079,Temazepam,Temazepam,4918,CN
193471101,Simvastatin,Simvastatin,4934,UA
194061526,Baclofen,Baclofen,1184,KR
194652566,Oxygen,Oxygen,4802,TN
194813853,Biovi Total Beauty,"Bifidobacterium longum subsp. infantis, Avobenzone, Homosalate, Octisalate, Octocrylene, and Oxybenzone",1183,CN
195704117,care one nicotine,Nicotine Polacrilex,3381,UA
197147444,Fentanyl,Fentanyl,4251,DE
199497186,String Beans,String Beans,4310,CN
200448205,Morphine Sulfate,MORPHINE SULFATE,2217,MX
201377172,Clonidine Hydrochloride,clonidine hydrochloride,4030,RU
202277930,Solodyn,minocycline hydrochloride,2994,YE
204791885,Dextroamphetamine Sulfate,dextroamphetamine sulfate,1843,LV
205281581,Colic,Colic,552,ID
206565076,Famotidine,Famotidine,3643,ID
206814808,In Control Nicotine,Nicotine Polacrilex,3356,CD
207232199,Anti-Gas,Simethicone,1036,UG
207726425,Remedy Nutrashield,Dimethicone,3960,ID
208019078,quinapril hydrochloride and hydrochlorothiazide,quinapril hydrochloride and hydrochlorothiazide,601,JP
209088951,Prazosin Hydrochloride,Prazosin Hydrochloride,1371,PH
209180431,DR. IASO VITA WHITE,GLYCERIN,828,RU
209900805,Nimbex,Cisatracurium Besylate,2036,TH
211217634,Glucotrol,glipizide,316,ID
213271295,soCALM Pain Relieving,METHYL SALICYLATE,4091,AM
213536952,PRAMIPEXOLE DIHYDROCHLORIDE,PRAMIPEXOLE DIHYDROCHLORIDE,1859,IR
214383114,Biophex,"Guaifenesin, Phenylephrine HCl",3741,PH
214452812,HeartburnCare,"Abies nigra, Condurango, Conium maculatum, Iris versicolor, Magnesia carbonica, Robinia pseudoacacia",2337,ID
216145284,Stool Softener,DOCUSATE SODIUM,1423,FI
216518068,Carbamazepine,Carbamazepine,3439,FR
218479262,Para Grass Pollen,Para Grass Pollen,4991,FR
219758465,Motion Sickness,Dimenhydrinate,3030,CU
222352488,Haloperidol,Haloperidol,384,ZA
223177535,Vanilla Sunscreen Lip Moisturizer,"OCTINOXATE, OXYBENZONE",1875,PE
226385810,Lemon Zest Antibacterial Foaming Hand Wash,Triclosan,4082,CN
226730943,MembraneBlue,Trypan Blue,4336,CN
227286134,Nervousness - Anxiety,"Aconitum nap., Ambra, Anacardium orientale, Arg.nit., Asafoetida, Bryonia, Chamomilla, Cimicifuga, Coffea cruda, Cypripedium, Gelsemium, Hyoscyamus, Hypericum, Ignatia, Kali phos., Nux vom., Sambucus nig., Strychninum, Theridion, Valeriana, Passiflora",2331,CN
227503270,childrens wal tap,"Brompheniramine maleate, Dextromethorphan HBr, Phenylephrine HCl",1742,CN
227575594,Rosacea,"Arsenicum alb., Arsenicum bromatum, Carbo animalis, Causticum, Hydrocotyle, Kali brom., Kali iod., Kreosotum, Lycopodium, Nux vom., Petroleum, Rhus toxicodendron, Sepia, Sulphur, Echinacea, Taraxacum",3565,PH
227628545,Lab1796 High Blood Pressure Guard,"Barium carbonate, Atropa belladonna, Nitroglycerin, Lycopus virginicus, Strychnos nux-vomica seed, Lead",2420,RW
227909361,Gentamicin sulfate,Gentamicin Sulfate,1371,CN
228610602,MENTAL ALERTNESS SUPPORT,"PHOSPHORICUM ACIDUM, PICRICUM ACIDUM, GELSEMIUM SEMPERVIRENS, VALERIANA OFFICINALIS",466,FR
229274487,Sure Invisible Solid Powder Scent,Aluminum Zirconium Tricholorohydrex GLY,3384,HR
231958064,up and up ranitidine,Ranitidine,3368,FR
234588868,NERVE TONIC,"CALCIUM PHOSPHATE, IRON, POTASSIUM PHOSPHATE, UNSPECIFIED FORM, MAGNESIUM PHOSPHATE, DIBASIC TRIHYDRATE, and SODIUM PHOSPHATE",2995,MX
235061480,Ticlopidine hydrochloride,Ticlopidine hydrochloride,4960,CN
235423289,SYCAMORE POLLEN,platanus occidentalis pollen,4998,CN
236532705,Plegisol,"POTASSIUM CHLORIDE, SODIUM CHLORIDE, CALCIUM CHLORIDE, and MAGNESIUM CHLORIDE",2976,CN
237233541,Liothyronine Sodium,Liothyronine Sodium,1299,ID
237245233,IPKN ARTISTS TOUCH BB 01 LIGHT,TITANIUM DIOXIDE,2564,CN
237618793,enema,Saline,4153,AU
238423261,Dyural LM Kit,"Methylprednisolone Acetate, Lidocaine Hydrochloride, Bupivacaine Hydrochloride, Povidine Iodine, Isopropyl Alcohol",1773,CN
239856008,Bye Bye Burns,Topical Skin Spray,759,OM
239934556,SEROQUEL,Quetiapine fumarate,4876,RU
242938803,Varibar Thin Honey,barium sulfate,4709,IT
244842410,Meclizine Hydrochloride,meclizine hydrochloride,990,GT
248202546,CAPITAL AND CODEINE,Acetaminophen and codeine phosphate,389,PL
251296206,Cholestyramine,Cholestyramine,156,PH
251851218,Vecamyl,Mecamylamine Hydrochloride,163,GF
253941167,Ibuprofen,Ibuprofen,1153,ID
254240346,Amoxicillin,Amoxicillin,2949,PH
255146978,CVS Moisturizing Lubricating Eye,Carboxymethylcellulose Sodium,1726,SM
256076285,Qsymia,phentermine and topiramate,4931,CN
257782108,All Day Allergy,Cetirizine Hydrochloride,294,RU
259501468,ATORVASTATIN CALCIUM,ATORVASTATIN CALCIUM,3326,SE
259910154,Meaningful Beauty Cindy Crawford,"AVOBENZONE, OCTINOXATE, OCTISALATE, and OXYBENZONE",1652,BW
259913566,ORIGINAL POWER HYDRO AMPOULE,"GLYCERIN, DIMETHICONE",548,PH
260471081,Ampicillin and Sulbactam,Ampicillin Sodium and Sulbactam Sodium,4196,ID
260502932,Verapamil Hydrochloride,verapamil hydrochloride,4394,CN
260673917,Aspen,Aspen,37,RU
260801206,Pain Relieving,"Camphor, Menthol, Methyl Salicylate",142,CN
261078652,Alprazolam,alprazolam,3139,JP
262101880,Moexipril Hydrochloride and Hydrochlorothiazide,Moexipril Hydrochloride and Hydrochlorothiazide,2893,JP
263929714,Ramipril,Ramipril,900,MX
264010206,Lidocaine Hydrochloride,Lidocaine Hydrochloride,3011,PT
264098246,4 in 1 Pressed Mineral SPF 15 Golden Dark,Titanium Dioxide,1174,TH
265706706,ESIKA,Aluminum Sesquichlorohydrate,2861,FR
266234654,Levetiracetam,Levetiracetam,1890,SN
267651008,Fluconazole,fluconazole,4485,ID
268092443,Metformin Hydrochloride,Metformin Hydrochloride,4485,CA
268409191,Arizona Ash,Arizona Ash,1475,ID
269282236,Lorazepam,Lorazepam,1432,CA
270249861,Ropinirole Hydrochloride,ropinirole,4739,VE
270719229,Pinceladas Para Hongos Navarro,Undecylenic Acid,2342,US
271227272,Alendronate Sodium,Alendronate Sodium,3883,CN
271530905,Levothyroxine Sodium,Levothyroxine Sodium,4502,ID
271694110,Caraway Seed,Caraway Seed,1511,JP
271940349,NARS Pure Radiant Tinted Moisturizer,Octinoxate and Titanium Dioxide,4096,FR
272718838,LBEL MAXIMUM COMFORT AND LONG-LASTING FOUNDATION SPF 10,Zinc oxide,1277,JP
273018834,lisinopril,lisinopril,1584,PL
274137506,Naratriptan,Naratriptan,2215,CN
274688397,Dolce and Gabbana The Lift Foundation Natural Beige 120,"OCTINOXATE, TITANIUM DIOXIDE",2168,VC
275094494,DURAGESIC,fentanyl,1045,CN
277089743,PredniSONE,PredniSONE,1720,KN
277421002,Synthroid,Levothyroxine Sodium,306,ID
277632036,Pazol,"Salicylic Acid, Sulfur, and Coal Tar",4840,ID
278237305,Mentholatum Ironman,Muscle and Joint Roll-On,2065,PS
280423456,Hydrogen Peroxide,Hydrogen Peroxide,331,CN
280768928,PERIPLANETA AMERICANA,AMERICAN COCKROACH,2632,FR
280827007,Levothyroxine Sodium,levothyroxine sodium,244,CN
280943928,carboplatin,carboplatin,4223,FR
281047808,Refill Saline Packets,"SODIUM BICARBONATE, SODIUM CHLORIDE",257,RU
281133340,Vitamin K1,PHYTONADIONE,4808,US
281696626,Propranolol Hydrochloride,Propranolol Hydrochloride,2294,CN
284206691,Acetaminophen Oral Solution,Acetaminophen,1600,KG
285606399,Oxygen,Oxygen,3837,ID
285799708,Lipotox,"Squalene, Cholesterinum, Estrogen, Progesterone, Aspartame, Benzalkonium chloride, Formalinum, Methylene chloride",4865,FR
286034158,Sumatriptan Succinate,Sumatriptan Succinate,2879,NL
286201366,PRAMIPEXOLE DIHYDROCHLORIDE,PRAMIPEXOLE DIHYDROCHLORIDE,4058,CZ
286275178,Pramipexole Dihydrochloride,Pramipexole Dihydrochloride,4135,US
287641936,CITALOPRAM HYDROBROMIDE,CITALOPRAM,204,KR
288664187,Neutrogena Nourishing Long Wear Makeup Tone Correcting Complex Sunscreen Broad Spectrum SPF20,Titanium Dioxide,1142,PL
289910986,Buxom Show Some Skin Weightless Foundation Broad Spectrum SPF 30,Octinoxate and Titanium Dioxide,4241,ID
290480631,Carbon Dioxide,Carbon Dioxide,404,CN
291422599,Alka-Seltzer Plus,"Acetaminophen, Dextromethorphan hydrobromide, Chlorpheniramine maleate, and Phenylephrine hydrochloride",2583,PT
291724522,Maximum Strength Caffeine,Caffeine,1559,SE
292364864,Nutricel Additive Solution - AS-3,CP2D/AS-3 Anticoagulant and Additive System,4137,UA
292484784,Bio Hornbeam,Hornbeam,4906,PH
293202536,DuoNeb,ipratropium bromide and albuterol sulfate,4859,RU
294213350,Conazol,Miconazole Nitrate,3393,CN
294327629,risperidone,risperidone,3985,CI
296383306,BICILLIN L-A,PENICILLIN G BENZATHINE,2832,RU
298440007,Hydrocodone Bitartrate and Ibuprofen,Hydrocodone Bitartrate and Ibuprofen,4387,PT
298895830,PureVit DualFe Plus,"Ferrous Fumarate, Polysaccharide Iron Complex",2647,BR
299495507,Chestal for Children,"ANTIMONY POTASSIUM TARTRATE, BRYONIA ALBA ROOT, PROTORTONIA CACTI, DROSERA ROTUNDIFOLIA, IPECAC, PULSATILLA VULGARIS, RUMEX CRISPUS ROOT, PONGIA OFFICINALIS SKELETON, ROASTED, LOBARIA PULMONARIA",187,FR
300368346,Tramadol Hydrochloride,Tramadol Hydrochloride,2681,ID
301126596,Cyclobenzaprine Hydrochloride,Cyclobenzaprine Hydrochloride,2269,PH
304731450,Metoprolol Tartrate,Metoprolol Tartrate,3464,US
305321054,Gabapentin,gabapentin,4013,MD
305362198,VYTORIN,ezetimibe and simvastatin,2430,ID
305583395,HYDROCODONE BITARTRATE AND ACETAMINOPHEN,HYDROCODONE BITARTRATE AND ACETAMINOPHEN,3427,ET
307634745,Colgate Optic White Sparkling Mint Flavor,SODIUM MONOFLUOROPHOSPHATE,3117,ID
308262632,Sodium Chloride,Sodium Chloride,617,NO
308375936,Acid Relief,Ranitidine,1919,NO
308612186,Herbon Berry Buddies/Watermelon Goodypops,Pectin and Echinacea Purpurea,4261,ID
309234058,CYBERWHITE HD BB ADVANCED BRIGHTENING BROAD SPECTRUM SPF 50,"Avobenzone, Homosalate, Octisalate, Octocrylene, and Oxybenzone",3573,PS
312207081,Liver Detox,"Arsenicum album, Baptisia tinctoria, Berberis vulgaris, Bryonia, Carduus marianus, Chelidonium majus, Chionanthus virginica, Cinchona officinalis, Lycopodium clavatum, Manganum muriaticum, Natrum sulphuricum, Nux vomica, Phosphorus, Sulphur, Taraxacum officinale",961,BR
312633357,Fluocinonide,Fluocinonide,831,NG
312888990,DELFLEX,"Dextrose Monohydrate, Sodium Chloride, Calcium Chloride, Magnesium Chloride, Sodium Lactate",746,PH
313972624,Vestura,Drospirenone and Ethinyl Estradiol,2598,BR
316266466,Varicose Veins - Phlebitis,"Elaps corallinus, Crotalus horridus, Bryonia, Calc. fluor., Carduus mar., Cholesterinum, Cinchona, Digitalis, Hamamelis, Hydrofluoricum acidum, Lachesis, Lycopodium, Naja, Pulsatilla, Vipera berus, Zinc. met., Aesculus hipp., Echinacea",3487,IE
316475116,Isosorbide Dinitrate,Isosorbide Dinitrate,2012,ID
317042117,Triacting Day Time,"DEXTROMETHORPHAN HYDROBROMIDE, PHENYLEPHRINE HYDROCHLORIDE",979,ID
318606883,BEEVENOM,"Glycerin, Dimethicone",3168,PH
318750607,Sugar Free Cherry Fishermans Friend Menthol Cough Suppressant,Menthol,1616,TH
318797161,Famciclovir,Famciclovir,2869,VN
319137765,ACONITUM NAPELLUS,ACONITUM NAPELLUS,4920,JP
319350912,Dantrium,dantrolene sodium,1042,ID
320978181,Mouth Rinse,sodium fluoride,3413,BR
321356353,Sertraline Hydrochloride,sertraline hydrochloride,3916,US
322872552,SPF 50 Broad Spectrum,"Avobenzone, Homosalate, Octisalate, Octocrylene, Oxybenzone",2947,PL
324528682,Diclofenac Sodium,Diclofenac Sodium,2630,PT
326295339,Clean and Clear Advantage,Salicylic Acid,529,UA
327846022,Extra Strength Headache Relief,"Acetaminophen, Aspirin and Caffeine",1219,GR
328053423,Zhuang Gu She Xiang Zhi Tong Gao,"Camphor, Menthol",219,BR
330161571,flormar REBORN BB SUNSCREEN BROAD SPECTRUM SPF 30 CP33 Chocolate,OCTINOXATE,2389,EE
330496980,Clindamycin Hydrochloride,Clindamycin Hydrochloride,4768,CN
330821708,Doxycycline hyclate,Doxycycline hyclate,4097,BR
331140155,Sulindac,Sulindac,4063,PT
331817515,Headache relief,"Acetaminophen, Aspirin and Caffeine",84,FR
333047907,Nitrofurantion Macrocrystals,Nitrofurantion Macrocrystals,4558,CN
334727336,Acetazolamide,Acetazolamide,4722,US
335791076,Haloperidol,haloperidol,4667,CN
336620117,Stomach relief,Bismuth subsalicylate,1763,ID
337912677,Gilotrif,afatinib,3865,RU
339643558,Thyroid HP,"Baryta Carbonica, Calcarea Carbonica, Fucus Vesiculosus, Iodium, Natrum Muriaticum, Pulsatilla, Spongia Tosta",4532,PH
341423835,Anti-Aging Daily Moisturizer Sunscreen Broad-Spectrum SPF 30,"AVOBENZONE, OCTINOXATE, OCTISALATE, OXYBENZONE",79,ES
341883387,Candesartan cilexetil,Candesartan cilexetil,3542,CN
342309123,Tryptophan,"Tryptophan,",1441,PL
342933589,PHARMACYS PRESCRIPTION,HYDROGEN PEROXIDE,4069,ID
343437047,Midol Complete,"Acetaminophen, Caffeine, and Pyrilamine Maleate",3648,BR
343560256,KERANIQUE For Women Hair Regrowth Treatment,MINOXIDIL,2021,ID
344880794,Colgate UltraBrite Advanced Whitening Anticavity Fluoride Clean Mint,Sodium Fluoride,1609,RU
345875877,Levofloxacin,Levofloxacin,3172,GT
348100440,nasal mist,Oxymetazoline HCl,3267,FR
348965717,Lipo-Chord,Homeopathic Liquid,331,ID
349515703,DIPHENHYDRAMINE HYDROCHLORIDE,DIPHENHYDRAMINE HYDROCHLORIDE,3466,BA
351951647,povidine iodine,povidine iodine,4056,FR
352431041,OB Cleansing Towelette,BENZALKONIUM CHLORIDE,467,PE
352688757,Ceftriaxone Sodium,Ceftriaxone Sodium,4933,ID
353860099,Levetiracetam,Levetiracetam,4741,PH
353880649,Differin,adapalene,1545,AM
354160751,Olanzapine and Fluoxetine,Olanzapine and Fluoxetine,1573,ZM
354884966,Sodium Chloride,Sodium Chloride,2506,TH
356124667,WINRHO,rho (d) immune globulin,2388,ID
357440580,ANTI-DANDRUFF SHAMPOO AND CONDITIONER,PYRITHIONE ZINC,1085,NG
358576373,Isosorbide,Isosorbide mononitrate,71,TH
359644040,Gadavyt Enema,"dibasic sodium phosphate, monobasic sodium phosphate",4234,PW
359720586,Fresh Umbrian Clay Freshface Foundation SPF 20 Chalet Girl,Octinoxate,1278,MX
360478297,COUMADIN,warfarin sodium,742,MG
360624220,ropinirole hydrochloride,ropinirole hydrochloride,1860,PH
361769632,Branders Antiseptic Hand Sanitizer,ETHYL ALCOHOL,3828,ZA
364149453,Doxazosin,Doxazosin,3421,PH
364189809,Simvastatin,Simvastatin,1814,RU
366417382,Zipsor,diclofenac potassium,862,CN
366724249,Gabapentin,Gabapentin,3468,RU
367624766,Wal-Dryl Allergy Plus Cold,"Acetaminophen, Diphenhydramine HCl and Phenylephrine HCl",1656,CN
369610618,Mamonde Total,OCTINOXATE and TITANIUM DIOXIDE,187,JP
370200275,Neutrogena Nourishing Long Wear Makeup Tone Correcting Complex Sunscreen Broad Spectrum SPF20,Titanium Dioxide,4786,PT
370946141,Indomethacin,Indomethacin,3179,CN
371896523,CLEAR AND CLEAN Neutral pH Antiseptic Hand Wash,CHLOROXYLENOL,1404,TL
373602029,OMNISCAN,gadodiamide,4204,PH
374575428,LBEL,"Octinoxate, Octisalate, and Oxybenzone",2657,RU
375467227,Waterless Anti-Bacterial Hand Cleanser,Ethyl Alcohol,2586,CN
377008954,Acetadryl,Acetaminophen and diphenhyramine,4773,RU
377009451,Midodrine Hydrochloride,midodrine hydrochloride,154,PT
377477008,Fosrenol,lanthanum carbonate,3367,VE
378420940,Gynobalance,Gynobalance,508,FI
378808304,Axe,Aluminum Zirconium Tetrachlorohydrex GLY,4492,NG
379050835,Neutrogena Shine Control Makeup,Titanium Dioxide,3577,CN
379445366,Dial Gold Antibacterial Soap,TRICLOSAN,3663,ID
381150148,Pear,Pear,161,CN
384095112,Lisinopril and Hydrochlorothiazide,lisinopril and hydrochlorothiazide,1898,ID
384244524,Prednisone,Prednisone,688,FR
386689367,Dendracin Neurodendraxcin,"Methyl Salicylate, Menthol and Capsaicin",2863,RU
387099543,Ala-Septic,Salicyclic Acid,4387,BJ
387949280,AMARANTHUS PALMERI POLLEN,Carelessweed,4429,ID
388044819,Exelon,rivastigmine tartrate,3988,BY
388431052,Antibacterial Hand Sanitizer,Alcohol,3431,PT
388759178,Flecainide Acetate,flecainide acetate,2197,ZA
390198145,Carvedilol,Carvedilol,922,TN
390398560,Premarin,conjugated estrogens,4341,CY
391018940,Prednisone,Prednisone,2933,CI
391485751,Diabenex HP,"Colchicum Autumnale, Lacticum Acidum, Lycopodium Clavatum, Phosphoricum Acidum, Phosphorus, Syzygium Jambolanum",4054,CA
391499273,Potassium Chloride,Potassium Chloride,840,CR
391590914,FENOFIBRATE,FENOFIBRATE,1776,RU
393042622,Penicilium chrysogenum,Penicilium chrysogenum,2930,US
396854761,Giant Wild Rye,Giant Wild Rye,4204,PT
397817043,CounterAct,"Acetaminophen, Dextromethorphan HBr, Guaifenesin, Phenylephrine",4752,JP
398242866,nasal,Oxymetazoline HCl,4958,PE
400850733,AMLODIPINE BESYLATE,AMLODIPINE BESYLATE,2483,RS
402164956,Ranitidine,Ranitidine,3053,FR
404502719,HEB,Fluoride,3355,ID
404743548,HealthMart Loratadine ODT,Loratadine,1300,RU
407256116,Gelato Perio Maintenance Rinse,Stannous Fluoride,2887,PH
407478237,IPKN Moist and Firm BB 02 Medium,TITANIUM DIOXIDE,265,ID
407679647,Naproxen Sodium,Naproxen Sodium,520,LA
408081404,KROGER NICOTINE TRANSDERMAL SYSTEM,NICOTINE,4608,CN
409007018,Hand Sanitizer,BENZALKONIUM CHLORIDE,2362,ID
411077658,Aplicare Povidone Iodine,Povidone Iodine,750,CN
411328688,Walgreens Sunscreen,AVOBENZONE HOMOSALATE OCTISALATE OCTOCRYLENE OXYBENZONE,4151,CN
411482795,ziprasidone hydrochloride,ziprasidone hydrochloride,1193,PH
414757374,Cytarabine,CYTARABINE,284,RU
414961134,Hormonal Headaches,"Belladonna 30c, Cinchona 30c, Ferrum Phos 30c, Gelsemium 30c, Glonoine 30, Lachesis 30c, Nat Mur 30c, Nux Vomica 30c, Sanguinaria 30c, Sepia 30c, Sulphur 30c, Tarentula 30c, Ustillago 30c, Veratrum Album 30c",1147,ID
415000277,Petrolatum,White Petrolatum,1455,PH
415883641,Fentanyl,Fentanyl,2081,CN
416429003,Trazodone Hydrochloride,Trazodone Hydrochloride,2566,ID
416508517,Methylphenidate Hydrochloride,Methylphenidate Hydrochloride,2911,RU
416687808,Time Frame Future Resist Foundation Broad Spectrum SPF 20,Titanium Dioxide,612,BR
417996081,FAMILY CARE ULTRA STRENGTH PAIN RELIEF,"CAMPHOR, MENTHOL",812,CO
420779007,Purgo Ultra PC,CHLOROXYLENOL,785,CH
421992237,PATADAY,olopatadine hydrochloride,3516,SE
422075422,Promescent,Lidicaine,2942,JP
422147218,Gabapentin,Gabapentin,966,TH
423429929,LEDUM PALUSTRE,LEDUM PALUSTRE,1097,PH
423516137,Vagisil Anti Itch Maximum Strength,Benzocaine and Resorcinol,624,TZ
425115072,Levofloxacin,Levofloxacin,1077,CN
425523171,Good Sense Nighttime Cough,"Dextromethorphan Hydrobromide, Doxylamine Succinate",2709,CN
426601354,BIRDS GARDEN LIP BALM,"OCTINOXATE, OCTOCRYLENE, OCTISALATE, and OXYBENZONE",325,BR
427407543,Simvastatin,Simvastatin,3623,RU
427782910,Verapamil Hydrochloride,verapamil hydrochloride,2689,HR
428229713,Bismatrol,Bismuth Subsalicylate,952,ID
428692699,Ibuprofen,Ibuprofen,1879,BR
428885558,Pediatex TDM,"TRIPROLIDINE HYDROCHLORIDE, PSEUDOEPHEDRINE HYDROCHLORIDE, and DEXTROMETHORPHAN HYDROBROMIDE",4084,CD
429646822,VALACYCLOVIR HYDROCHLORIDE,VALACYCLOVIR HYDROCHLORIDE,2148,ID
430487723,Sciatic Rescue,"Phytolacca Decandra, Gnaphalium Polycephalum, Colocynthis, Gelsemium Sempervirens",813,RU
431966835,Aspirin,Aspirin,3923,PH
433367125,Gas-X,Simethicone,4880,ET
433792617,Bactine Original First Aid,BENZALKONIUM CHLORIDE and LIDOCAINE HYDROCHLORIDE,427,RU
434304280,ULMUS CRASSIFOLIA POLLEN,Cedar Elm,3605,PH
435623424,Olanzapine,Olanzapine,841,NL
438804730,HOT FLASH RESCUE,NOT APPLICABLE,1227,CN
440353079,OXYGEN,OXYGEN,802,KE
442416153,Propranolol Hydrochloride,propranolol hydrochloride,4803,PT
443465427,XtraCare Antibacterial Hand Cleanse,Triclosan,4968,BR
443484323,Ocean Potion Instant Dry 30 Mist Sport Sunscreen,"avobenzone, homosalate, octisalate, octocrylene",3386,CN
444218176,Olanzapine,Olanzapine,3244,CN
445128065,Indomethacin,Indomethacin,4366,US
445193864,Urea,Urea,1834,ZA
445272429,Arsenicum Metallicum,Arsenicum Metallicum,4953,PT
445503113,Tylenol Arthritis Pain,Acetaminophen,1110,CN
445637911,SODIUM IODIDE I 123,sodium iodide i 123,705,AF
445756525,Germ Bloc Hand Sanitizer,Benzalkonium Chloride,3715,ID
446633744,Ampicillin and Sulbactam,"AMPICILLIN, SULBACTAM",982,CZ
447345695,Modafinil,modafinil,1554,FR
447437971,Ondansetron,Ondansetron,2096,ID
447715921,PURELL SF607 Instant Hand Sanitizing,BENZALKONIUM CHLORIDE,3418,CN
449657852,Testosterone Cypionate,Testosterone Cypionate,3896,ID
449720582,Levothyroxine Sodium,levothyroxine sodium,471,PA
449941946,Biogtuss,"Guaifenesin, Phenylephrine HCl, Dextromethorphan HBr",2969,ID
450169240,PRIMAXIN,imipenem and cilastatin sodium,347,CN
450258554,Milk of Magnesia,Magnesium hydroxide,4047,CN
452456439,Entacapone,Entacapone,3658,CN
452521726,Aminosyn II,"ISOLEUCINE, LEUCINE, LYSINE ACETATE, METHIONINE, PHENYLALANINE, THREONINE, TRYPTOPHAN, VALINE, ALANINE, ARGININE, ASPARTIC ACID, GLUTAMIC ACID, HISTIDINE, PROLINE, SERINE, N-ACETYLTYROSINE, and GLYCINE",2682,PY
453134369,kaiser permanente benzoyl peroxide,BENZOYL PEROXIDE,2955,NA
453445905,PLAGENTRA BABY SUNCITY,"OCTINOXATE, OCTISALATE, TITANIUM DIOXIDE",4249,GR
453847034,Sulfamethoxazole and Trimethoprim,Sulfamethoxazole and Trimethoprim,82,SL
455805052,ibuprofen,Ibuprofen,1314,FR
455934696,Donepezil Hydrochloride,Donepezil Hydrochloride,619,CO
458586491,Dove,"AVOBENZONE, ENSULIZOLE, OCTICSALATE",1509,CA
460062126,Tramadol Hydrochloride,Tramadol Hydrochloride,1671,CN
460420101,Melvita NECTAR DE ROSES BB Sunscreen BROAD SPECTRUM SPF 15 NUDE ROSE,TITANIUM DIOXIDE,1595,LU
460543580,Bromday,bromfenac,3616,KE
461278751,Oxymorphone hydrochloride,Oxymorphone hydrochloride,3035,CZ
461370897,Kirkland Signature Aller Tec D,"Cetirizine HCl, Pseudoephedrine HCl",4481,PE
462435788,Enteric coated aspirin,Aspirin,3970,PH
463727178,Esgic,"butalbital, acetaminophen and caffeine",4597,ID
465664383,Cold and Hot,Menthol,236,JP
466439724,Rhizopus oryzae,Rhizopus oryzae,4997,ID
467185063,CYZONE,"Octinoxate, Octocrylene, Oxybenzone, Octisalate, Titanium Dioxide, and Ensulizole",530,PE
467669191,Meloxicam,Meloxicam,1734,YE
468527886,OXYCODONE HYDROCHLORIDE,OXYCODONE HYDROCHLORIDE,4121,ID
468721352,Famotidine,Famotidine,4556,CN
469060376,pain relief,Acetaminophen,703,AM
469302761,COUMADIN,warfarin sodium,1571,ID
470210130,Covergirl Outlast Stay Fabulous 3in1 Foundation,Ensulizole,1820,YE
474714827,Hydroxyzine Pamoate,Hydroxyzine Pamoate,565,LV
476469301,RUMEX ACETOSELLA POLLEN,Dock Sour Sheep Sorrel,2767,PS
476964889,Wasp hymenoptera venom Venomil Maintenance,Wasp hymenoptera venom Venomil Maintenance,3802,BR
477601161,Engystol,CYNANCHUM VINCETOXICUM ROOT and SULFUR,4091,CZ
480350943,Quetiapine fumarate,Quetiapine fumarate,1724,CN
480401469,Calcium Plus,"Alfalfa, Calcarea carbonica, Calcarea fluorica, Calcarea phosphorica, Hydrofluoricum acidum, Shark cartilage, Symphytum officinale,",4405,BF
481208290,Sunmark Chest Congestion Relief DM,Dextromethorphan Hydrobromide / Guaifenesin,1302,TM
481661740,Homeopathic HCG,"L-arginine, L-carnitine, L-ornithine, L-tyrosine, HCG(Human chorionic conadotropin,",2877,CN
481781457,Nasotuss,"Chlorcyclizine Hydrochloride, Codeine Phosphate, Phenylephrine Hydrochloride",1381,PH
482270229,Listerine Total Care Anticavity,Sodium Fluoride,2472,LK
482408871,CARBO VEG,ACTIVATED CHARCOAL,1963,ML
484163355,good sense nicotine,Nicotine Polacrilex,1770,CN
485822167,PATANASE,olopatadine hydrochloride,4128,RU
486387570,Ramipril,Ramipril,3220,CN
487084771,HealthMart Mucus Relief FM,"Acetaminophen, dextromethorphan HBr, guaifenesin, Phenylephrine HCl",3290,TH
487258192,Pleo Muscar,amanita muscaria var. muscaria,3421,TH
487331214,Allergy Relief,Loratadine,1486,PH
487485021,ALPRAZOLAM,Alprazolam,3843,GR
488237029,infants gas relief drops,simethicone,3811,ID
488849583,Synthroid,LEVOTHYROXINE SODIUM,4651,PH
489699748,Pepper Tree Pollen,Pepper Tree Pollen,4496,ID
489999561,Diphenoxylate Hydrochloride and Atropine Sulfate,diphenoxylate hydrochloride and atropine sulfate,1817,CN
490694522,Hemorrhoids,"HORSE CHESTNUT, KRAMERIA LAPPACEA ROOT, STRYCHNOS NUX-VOMICA SEED, and CALCIUM FLUORIDE",3694,HR
490897674,Pullularia,Pullularia,155,RU
491468726,PediaCare Gas Relief Drops Dye Free,Simethicone Emulsion and Simethicone,921,CN
491586118,Antispetic,"Eucalyptol, menthol, methyl salicylate, thymol",2802,PS
492338916,Good Neighbor Pharmacy Cough DM ER,dextromethorphan polistirex,2594,RU
492676843,Diclofenac Sodium and Misoprostol,Diclofenac Sodium and Misoprostol,1487,RU
493094829,Acetaminophen Oral Solution,Acetaminophen,3623,PH
493192067,Butrans,buprenorphine,1643,GB
494124369,Mustard Seed,Mustard Seed,428,PK
494245914,Kids Disappearing Color SPF50 Broad Spectrum Suncreen Pink Strawberry Scented,"Avobenzone, Homosalate, Octisalate, Octocrylene, Oxybenzone",4136,PE
494511924,Avelox ABC Pack,MOXIFLOXACIN HYDROCHLORIDE,4082,JP
496504913,HepaGam B,Hepatitis B Immune Globulin (Human),3972,ET
496587567,Sodium Phosphates,"sodium phosphate, monobasic, monohydrate and sodium phosphate, dibasic anhydrous",1042,PH
497886581,Ibuprofen,Ibuprofen,770,PT
497912504,CareOne Healing,Petrolatum,1000,GR
497938525,Demadex,Torsemide,3253,BR
498057814,LBEL,"Ensulizole, Octinoxate, Octisalate, Oxybenzone, and Titanium dioxide",104,FR
499398485,Acamprosate Calcium,acamprosate calcium enteric-coated,2121,PH
499421348,Care One Nicotine,Nicotine Polacrilex,4642,RU
500725477,diphenhydramine hydrochloride,diphenhydramine hydrochloride,3621,AR
501466534,Lisinopril,Lisinopril,4708,BO
501609133,Lancome Paris Absolue Premium Bx Replenishing and Rejuvenating Day,"Avobenzone, Octisalate and Octocrylene",4274,CN
501879989,Lucky Instant Hand Cleanser with Vitamin E,Ethyl Alcohol,4411,CN
502993229,Kit for the Preparation of Technetium Tc99m Sestamibi,TETRAKIS(2-METHOXYISOBUTYLISOCYANIDE)COPPER(I) TETRAFLUOROBORATE,525,NG
503326585,Clean All,ALCOHOL,346,ID
504203069,THERA Antifungal Body,Miconazole Nitrate,1207,IT
504516995,Zincoxide,Zinc Oxide,1014,ID
505545470,Dove,Aluminum Zirconium Tetrachlorohydrex GLY,4889,CN
506508976,CRESTOR,Rosuvastatin calcium,1685,BR
507306229,Lip Balm Vanilla,"Octinoxate, Oxybenzone",4556,RU
509181078,Hydralazine Hydrochloride,Hydralazine Hydrochloride,3941,RU
511727523,Arthritis Therapy,"APIS MELLIFERA, BRYONIA ALBA ROOT, CALCIUM FLUORIDE, LITHIUM CARBONATE, TOXICODENDRON PUBESCENS LEAF, RUTA GRAVEOLENS FLOWERING TOP, SALICYLIC ACID",2930,CN
512116762,PediaCare Childrens Plus Cough and Sore Throat,Dextromethorphan Hydrobromide and Acetaminophen,4547,HU
513628776,Amoxicillan and clavulanate potassium,Amoxicillan and clavulanate potassium,3517,RU
513681853,Lidocaine Hydrochloride and Dextrose,LIDOCAINE HYDROCHLORIDE ANHYDROUS and DEXTROSE MONOHYDRATE,950,TH
513760456,Sertraline Hydrochloride,Sertraline Hydrochloride,3712,CN
513995806,Urea,Urea,1803,PT
516257671,Poverty Weed,Poverty Weed,2092,LT
517691731,Goldenrod,Goldenrod,2207,CN
518692828,mally Face Defender Foundation,"TITANIUM DIOXIDE, ZINC OXIDE",4634,VN
519606631,Eve Lom Radiance Perfected Tinted Moisturiser Broad Spectrum SPF 15 Sunscreen,Titanium Dioxide and Octinoxate,4510,CL
520341084,nizatidine,nizatidine,2868,FR
522570103,Stay Awake,Caffeine,735,ID
523801969,Blistex,"Petrolatum, Octinoxate, and Oxybenzone",4193,CN
524547047,HYDROCODONE BITARTRATE AND ACETAMINOPHEN,HYDROCODONE BITARTRATE AND ACETAMINOPHEN,2421,FM
526431722,SOLENOPSIS INVICTA,Fire Ant,532,ID
526670923,No7 Stay Perfect Foundation Sunscreen SPF 15 Blonde,Octinoxate and Titanium Dioxide,1793,PT
527629855,ATOMY SUNSCREEN,"Octinoxate, Octisalate, Zinc Oxide, Titanium Dioxide",2149,ID
529549789,ibuprofen,Ibuprofen,4130,AL
529857346,NeutrapHor,Dimethicone,830,PH
531011989,Topiramate,Topiramate,3363,VE
531436622,Fluocinolone Acetonide,fluocinolone acetonide,1061,ZA
534094568,HEMORRHOIDS RELIEF,"AESCULUS HIPPOCASTANUM, HAMAMELIS VIRGINIANA, PAEONIA OFFICINALIS, COLLINSONIA, TEUCRIUM MARUM, VERBASCUM, BOLDO, SULPHUR, SODIUM NITRATE, RATANHIA, ACIDUM NITRICUM, NATRUM MURIATICUM, PODOPHYLLUM PELTATUM, RUTA GRAVEOLENS, APIS MELLIFICA",1977,CN
534808849,HYDROCODONE BITARTRATE AND ACETAMINOPHEN,HYDROCODONE BITARTRATE AND ACETAMINOPHEN,3761,JP
535894126,Ibuprofen,Ibuprofen,3901,UA
536402725,good sense pain relief,Acetaminophen,4244,NG
536632319,Venlafaxine Hydrochloride,Venlafaxine Hydrochloride,4609,US
537176771,Xopenex,levalbuterol hydrochloride,272,BR
537874331,No7 Lift and Luminate Foundation Sunscreen Broad Spectrum SPF 15 Warm Ivory,Octinoxate,418,CN
538037940,Mycophenolate Mofetil,Mycophenolate Mofetil,1518,GR
538234904,Carbocaine with Neo-Cobefrin,Mepivacaine hydrochloride and Levonordefrin,3948,CO
539452594,Instant Hand Sanitizer Sugar Plum,ETHYL ALCOHOL,4855,US
540538424,Candida,Candida albicans,2712,CN
540950284,ECZEMA FAST HEALING,OATMEAL,3897,HR
542426305,Gelato Topical Anesthetic,Benzocaine,3688,SE
542797946,Olanzapine,olanzapine,1988,UG
545887525,Verapamil Hydrochloride,Verapamil Hydrochloride,4188,UA
546527670,Red Mulberry,Red Mulberry,4152,PT
547491251,Paroxetine,Paroxetine,3981,DE
549951285,Diltiazem Hydrochloride,diltiazem hydrochloride,4891,TN
550606101,Ibuprofen,Ibuprofen,4635,ID
550704619,ALLI,orlistat,276,AL
551298909,NARS,Octinoxate and Titanium dioxide,3173,CO
551657984,Amoxicillin and Clavulanate Potassium,Amoxicillin and Clavulanate Potassium,2549,LU
551707828,Quetiapine Fumarate,Quetiapine Fumarate,3990,ID
551936481,Diabecline,Tetracycline hydrochloride,494,CF
553314374,BACTOFLAM,"ECHINACEA,BAPTISIA,APIS MELLIFICA ,FERRUM PHOSPHORICUM ,",1406,CN
553840517,LBEL REPLENISHING FOUNDATION SPF 14,Octinoxate,1350,VN
555260305,Caraway Seed,Caraway Seed,2164,CN
555667349,Ondansetron,ONDANSETRON HYDROCHLORIDE,3826,PL
556303070,Viagra,sildenafil citrate,4887,ET
556478205,Rocaltrol,calcitriol,4306,ID
557144568,Eye Itch,Ketotifen Fumarate,3156,SE
557411207,Fngsode,"Ceanothus americanus, Condurango, Echinacea angustifolia, Hydrastis canadensis, Ligusticum porteri, Lomatium, Nasturtium aquaticum, Tabebuia impetiginosa, Astragalus membranaceus,",2665,BA
560390634,Australian Gold,"Avobenzone, Octisalate, and Octocrylene",4182,MY
561194477,Nitrofurantoin Monohydrate/ Macrocrystalline,Nitrofurantoin Monohydrate/Macrocrystalline,1406,TH
561922309,Candida Alb,Candida Albicans,2916,PT
562883266,Colgate,SODIUM FLUORIDE and POTASSIUM NITRATE,1283,PL
566953982,Adapalene,Adapalene,453,NG
567353576,Lithium Carbonate,Lithium Carbonate,1386,JP
567998054,Healthy Hands,ALCOHOL,831,JP
569025259,VANICREAM,Titanium Dioxide and Zinc Oxide,576,BR
569045512,Lisinopril,lisinopril,4631,BR
569164107,Lidocaine Hydrochloride,Lidocaine Hydrochloride,3998,IR
570788153,Suphedrine PE,Phenylephrine HCl,3153,PY
571445311,ACTIQ,fentanyl citrate,3706,BR
572633151,Effervescent Cold Relief,"ASPIRIN, CHLORPHENIRAMINE MALEATE, PHENYLEPHRINE BITARTRATE",3238,CN
572980079,Lisinopril,Lisinopril,2508,UA
574113898,Lidocaine Hydrochloride and Dextrose,LIDOCAINE HYDROCHLORIDE and DEXTROSE MONOHYDRATE,2703,FI
574398852,ACETAMINOPHEN AND CODEINE,ACETAMINOPHEN AND CODEINE,3860,PH
575223899,Maybelline New York Fit Me Foundation Dewy Plus Smooth SPF 18 Sunscreen,Octinoxate,4561,BD
575816138,AXID,nizatidine,4203,JP
576063709,LESCOL XL,fluvastatin sodium,3614,RU
576947775,Compazine,Prochlorperazine Maleate,2948,CN
578420234,BareMinerals Golden Deep matte,Titanium Dioxide and Zinc Oxide,464,JP
579678552,Allopurinol,Allopurinol,3912,ID
580775774,Cardio Tonic,"Kali muriaticum, Kali phosphoricum, Plantago major, Cactus grandiflorus, Digitalis purpurea,",644,ID
582069777,Ondansetron,Ondansetron,3691,VN
582216366,Oxybutynin Chloride,Oxybutynin Chloride,3449,ID
582499329,topiramate,topiramate,4735,UA
583091268,URIBEL,"Methenamine, Sodium Phosphate, Monobasic, Monohydrate, Phenyl Salicylate, Methylene Blue, and Hyoscyamine Sulfate",3406,CN
584287582,BZK Cleansing,Benzalkonium Chloride,1220,GR
584436803,Pleo Pin,FOMITOPSIS PINICOLA,1908,CA
584653669,Sunmark Day time,"acetaminophen, dextromethorphan Hbr, Phenylephrine HCl",552,TH
585667003,Ceramide Lift And Firm Day Broad Spectrum Sunscreen SPF 30,"OCTINOXATE, OXYBENZONE, OCTISALATE, and AVOBENZONE",160,AF
585836221,HYCAMTIN,topotecan hydrochloride,882,BR
586339364,QUERCUS ALBA POLLEN,White Oak,1027,RU
586697556,NICOTINE,nicotine polacrilex,3647,FI
587438583,diclofenac sodium,diclofenac sodium,287,CN
587584164,Risperidone,Risperidone,4284,ID
588466917,Premier Value Illuminating Daily Moisturizer,"Avobenzone, Octisalate, Octocrylene",95,RU
589914490,Agnus castus e sem. 4,Agnus castus e sem. 4,3614,CN
590299641,Mirapex,pramipexole dihydrochloride,859,IE
590608566,Enchanted Moments Mistletoe Kisses Hand Sanitizer,ALCOHOL,4861,CN
592119331,Lamotrigine,Lamotrigine,3699,PL
592769174,Oxycodone and Acetaminophen,Oxycodone and Acetaminophen,1201,CN
592825143,Cardio Tonic,"Kali Muriaticum, Kali Phosphoricum, Plantago Major, Cactus Grandiflorus, Digitalis Purpurea, Heart, L-Carnitine",3079,CN
593230387,Charm-Tex,ALUMINUM ZIRCONIUM TETRACHLOROHYDREX GLY,2539,LK
593272046,False Ragweed,False Ragweed,3227,ID
597163105,Leucovorin,leucovorin calcium,21,PL
598585197,propofol,propofol,4545,FI
598828365,Lisinopril,Lisinopril,573,CO
599171271,medical air,oxygen,2625,CN
600279906,Porcelain Always color stay-on Makeup Broad Spectrum SPF 15,"Octinoxate, Oxybenzone, Titanium Dioxide",2533,UZ
600724555,Risperidone,Risperidone,1658,CN
601557208,Recovatone,"Glycyrrhiza glabra, Kali muriaticum, Magnesia muriatica, Zincum gluconicum, Kali phosphoricum, Natrum muriaticum, Iodium Phosphorus, Adrenalinum,",101,PH
603464462,TERUFLEX Blood Bag System Anticoagulant Citrate Phosphate Dextrose (CPD) AND OPTISOL Red Cell Preservative,Anticoagulant Citrate Phosphate Dextrose (CPD) AND AS-5 Red Cell Preservative,3679,PL
604375116,Rouge Dior 470 Pearly Pink Serum,OCTINOXATE,3061,YE
604418317,Actemra,tocilizumab,3445,MN
605626428,Metronidazole,Metronidazole,160,CN
606484813,Antispetic,"Eucalyptol, menthol, methyl salicylate, thymol",1052,AM
607728457,MEDICATED CHEST RUB,"camphor, menthol, eucalyptus oil",1525,KE
608555812,Cefoxitin and Dextrose,CEFOXITIN SODIUM,3294,PH
609212591,Ketorolac Tromethamine,Ketorolac Tromethamine,4493,PL
610394695,Up and Up childrens all day allergy relief,cetirizine Hydrochloride,3093,CN
610762607,Proactiv,Salicylic Acid,3461,FR
613553534,Sunmark z sleep,Diphenhydramine HCl,3872,US
616109858,Sotalol Hydrochloride,sotalol hydrochloride,3222,GB
616398423,Waterless Anti-Bacterial Hand Cleanser,Ethyl Alcohol,1464,XK
617794620,Cantil,mepenzolate bromide,2908,FR
618596838,Critic Aid Clear,Petrolatum,221,KZ
620704429,Lorac Foundation Medium Tan,"Octinoxate, Octisalate, Avobenzone",106,PH
621306760,Skin Eruptions Cough,PROTORTONIA CACTI,4441,BR
621906905,Tamsulosin Hydrochloride,Tamsulosin Hydrochloride,1907,MX
622591903,Temazepam,temazepam,1408,SE
623554415,Ibuprofen,Ibuprofen,4988,CL
623931083,Torsemide,Torsemide,930,ID
626554209,Irritated Eye Relief,"Atropa belladonna, Euphrasia stricta and Calcium sulfide",1837,CN
626969443,Loratadine,Loratadine,3555,MX
628561432,Lamotrigine,Lamotrigine,3217,CN
629068971,Anti Inflammatory,"Aconitum napellus, Apis mellifica, Arnica montana, Cartilago suis, Hydrastis canadensis, Hypericum perforatum, Rhus toxicodendron, Thuja occidentalis,",1277,SE
629534499,LACURA,Aluminum Zirconium Tetrachlorohydrex Gly,2977,PH
631313069,Orajel,Sodium Fluoride,329,MG
631511553,Lidocaine Hydrochloride and Epinephrine,Lidocaine Hydrochloride and Epinephrine,3232,CN
632254392,FAMOTIDINE,FAMOTIDINE,1968,CN
633843645,Ropinirole,Ropinirole,561,GT
634924597,Sonata,zaleplon,903,MX
635434859,RITE AID RENEWAL,PETROLATUM,3135,PH
635552232,Triazolam,triazolam,2437,US
636386211,Diphenhydramine Hydrochloride,DIPHENHYDRAMINE HYDROCHLORIDE,4692,BR
636824285,Acetylcysteine,ACETYLCYSTEINE,3714,WS
638340539,Theophylline,Theophylline,1485,GR
639174311,Feldene,piroxicam,1748,GR
640276625,Ethambutol Hydrochloride,Ethambutol Hydrochloride,4057,ID
640863007,METFORMIN HYDROCHLORIDE,METFORMIN HYDROCHLORIDE,769,JP
641126352,Muscle Ice,"Phytolacca deccandra, Symphytum officinale, Bellis perennis, Ledum palustre, Ruta graveolens, Magnesia phosphorica, Silicea,",4824,ID
642581565,Extended Phenytoin Sodium,Phenytoin Sodium,1636,IR
643578623,Losartan Potassium,losartan potassium,4573,GR
643653262,Carvedilol,carvedilol,3045,AR
643789492,Neutrogena Healthy Skin 3 in 1 Concealer for Eyes,Titanium Dioxide,1224,ID
643921590,Haloperidol,HALOPERIDOL LACTATE,196,PS
644453722,Chlordiazepoxide Hydrochloride,Chlordiazepoxide Hydrochloride,4213,FR
644544305,Fluoxetine,Fluoxetine Hydrochloride,798,CN
645376570,SNAIL THERAPY 70 ESSENCE,DIMETHICONE,4800,NG
645795598,Zep E-2 Foaming Sanitizing Hand Cleaner,Chloroxylenol,1462,IE
646273914,Xylocaine,LIDOCAINE HYDROCHLORIDE,2205,ID
648216310,Headache Relief,"Acetaminophen, Aspirin, Caffeine",2534,NO
648546632,Pioglitazone Hydrochloride and Metformin Hydrochloride,pioglitazone hydrochloride and metformin hydrochloride,4108,ID
649210728,Calamine Plus Pramoxine HCl,Calamine Plus Spray,4765,ES
649925869,Ondansetron Hydrochloride,Ondansetron Hydrochloride,1815,ID
650299270,Levothyroxine sodium,Levothyroxine sodium,1944,MK
651543972,AUGMENTIN,amoxicillin and clavulanate potassium,2187,DE
651613254,Norepinephrine bitartrate,Norepinephrine bitartrate,2963,ID
652067355,Charm-Tex,Aluminum chlorohydrate,1383,RS
652437554,Methylphenidate Hydrochloride,Methylphenidate Hydrochloride,4637,CL
653639089,Cefotaxime,Cefotaxime,3305,BR
654136129,Dexamethasone,Dexamethasone,2869,CN
655378529,Theo-24,theophylline anhydrous,216,NG
655908371,Dove Ultimate Visibly Smooth Nature Fresh,Aluminum Zirconium Tetrachlorohydrex GLY,4462,CF
656574231,Promethazine Hydrochloride,Promethazine Hydrochloride,4756,US
657481652,Hydralazine Hydrochloride,Hydralazine Hydrochloride,3999,RU
658221274,Leader Childrens Allergy,Diphenhydramine Hydrochloride,1746,RU
658270165,Prednisone,Prednisone,277,SI
659159133,SPA SKILHA,"BEMOTRIZINOL,OCTINOXATE,AVOBENZONE,TITANIUM DIOXIDE",3837,UA
662575849,Spironolactone,spironolactone,2669,PH
662664726,PREP (plus) PRIME BEAUTY BALM,"OCTINOXATE, OCTISALATE, OXYBENZONE, TITANIUM DIOXIDE, ZINC OXIDE",2989,CN
664899926,Sulfacetamide Sodium,Sulfacetamide Sodium,1244,RU
665884303,Nicotine,Nicotine Polacrilex,1109,SD
666611619,Acetaminophen,Acetaminophen,3127,FR
667478271,Claritin,Loratadine,540,US
668304066,Tamiflu,oseltamivir phosphate,3813,DO
669387482,BENLYSTA,belimumab,3465,HR
673066051,ARTHROTEC,diclofenac sodium and misoprostol,1694,CN
673712599,NAPROXEN SODIUM,NAPROXEN SODIUM,4889,BR
677039323,Cyanocobalamin,cyanocobalamin,70,ID
677638188,Jade,Antibacterial Hand Soap,4069,CN
677661221,CYCLOBENZAPRINE HYROCHLORIDE,CYCLOBENZAPRINE HYDROCHLORIDE,4247,UY
677797469,Weed and Grass Antigen,"Alfalfa, Amaranth, Coclebur, Tarasacum officinale, Solidago viragaurea, Kentycky blue grass, Lambs quarter, Marsh elder, Meaadow fescue,",1734,ID
677877161,Simvastatin,simvastatin,273,AL
677913493,Minivelle,estradiol,3509,PE
678381959,"Simply b, MD","Titanium dioxide, Zinc Oxide",2375,PH
678682828,SELECT,OCTINOXATE,515,RU
678692548,Rizatriptan Benzoate,Rizatriptan Benzoate,3365,VN
679907755,Valsartan and hydrochlorothiazide,Valsartan and hydrochlorothiazide,1908,PT
681928093,Clonidine Hydrochloride,clonidine hydrochloride,3632,BN
687657882,Neutrogena Shine Control Makeup,Titanium Dioxide,3140,CN
687795199,Ketorolac Tromethamine,KETOROLAC TROMETHAMINE,4885,CN
689943409,Lisinopril,Lisinopril,4239,BO
690565062,ciclopirox olamine,ciclopirox olamine,3466,RU
691170263,healthy accents childrens allergy,cetirizine hydrochloride,1733,ID
691289650,Mosquito,Mosquito,2968,NG
691673795,Tinted Moisturizer SPF 20,ZINC OXIDE TITANIUM DIOXIDE,298,GR
691748556,Rolaids Extra Strength Mint,Calcium carbonate and Magnesium hydroxide,2983,FR
693170703,Horse Hair,Horse Hair,2715,PH
693253911,Ondansetron Hydrochloride,Ondansetron Hydrochloride,290,CN
694735527,Verapamil,Verapamil hydrochloride,1680,CN
694745499,Revlimid,Lenalidomide,4311,SI
695133733,Timolol Maleate,Timolol Maleate,623,CN
696333224,Amoxicillin,Amoxicillin,3238,PL
698384253,ck one all day perfection face makeup,Titanium Dioxide and Octinoxate,3129,US
698925345,Oxandrolone,oxandrolone,1296,ID
699033020,Utopic,UREA,1023,ID
699131062,Ciprofloxacin,Ciprofloxacin,3317,CN
699841831,ProCentra,dextroamphetamine sulfate,2287,PH
700151017,Cleocin T,clindamycin phosphate,1486,BY
700678464,CVS PHARMACY,BENZALKONIUM CHLORIDE,69,CN
700953365,Cerussite 8,Cerussite 8,3146,KE
701562818,Medicated Pain Relief Hot,"Menthol, Capsicum extract",2430,SE
702391822,Digoxin,Digoxin,1616,GE
702448664,Disopyramide Phosphate,Disopyramide Phosphate,887,KZ
702739370,NITROGEN,NITROGEN,4825,BA
703486726,CVS Pharmacy Daytime Nighttime Severe Cold and Cough Kit,"Acetaminophen, Diphenhydramine HCL, Phenylephrine HCL and Dextromethorphan HBr",1463,MX
703516564,Carbamazepine,Carbamazepine,3955,SE
704285042,CLE DE PEAU BEAUTE SILKY FOUNDATION I,Octinoxate and Titanium dioxide,3884,CL
704307317,Ibuprofen,Ibuprofen,4557,SE
705686952,CEPROTIN,Protein C Concentrate Human,1070,SE
706304857,Thiothixene,thiothixene,4257,IL
706991716,Itchy Eye Drops,ketotifen fumarate,2997,UA
708400167,Sani-Hands,Alcohol,347,KE
710221420,Purell Advanced Hand Sanitizer Refreshing Florals,ALCOHOL,4521,FR
711104598,smart sense pain relief pm,"Acetaminophen, Diphenhydramine HCl",88,CD
713693200,Dollar General Gold,Triclocarban,2214,CN
714140321,PDI Sani-Hands Instant Hand Sanitizing Wipes,Alcohol,2599,CZ
714209421,Doxorubicin Hydrochloride,DOXORUBICIN HYDROCHLORIDE,785,SE
714477793,METFORMIN HYDROCHLORIDE,METFORMIN HYDROCHLORIDE,4491,US
714826688,Antibacterial Skin Rain Forest Extract From Entiere,TRICLOSAN,2364,RU
714877550,Midodrine HCl,Midodrine Hydrochloride,3557,CN
715703820,Levothyroxine Sodium,Levothyroxine Sodium,1485,CU
716560820,Ultravist,iopromide,1462,UZ
716581931,NITROGLYCERIN,nitroglycerin,4913,PH
716671573,Rx Act Hemorrhoidal,"Mineral oil, Petrolatum, Phenylephrine HCl, Shark liver oil",4312,RU
716778131,SohMed Sinus,"Acetaminophen, Guaifenesin, and Phenylephrine Hydrochloride",1269,BR
717529943,Runny Nose and Cough,"Brompheniramine Maleate, Dextromethorphan Hydrobromide and Phenylephrine Hydrochloride",4362,PH
717648452,Carbamazepine,Carbamazepine,1387,MX
717715006,NBE Citrus,Zinc Acetate and Zinc Gluconate,436,EG
719020063,Hydrochlorothiazide,Hydrochlorothiazide,329,MX
719482825,OXYCODONE AND ACETAMINOPHEN,oxycodone hydrochloride and acetaminophen,240,VN
719990156,PINUS STROBUS POLLEN,White Pine,895,PS
720573692,NOT YET DEFINED,Rizatriptan Benzoate Oral Films,545,PH
722364070,Hydrocortisone Acetate,HYDROCORTISONE ACETATE,2998,AZ
723157333,NWI LUBRICATING,DEXTRAN 70 AND HYDROXYPROPYL METHYLCELLULOSE,3344,BR
723486577,Fever and Flu,"Aconite 30c, Arsenicum 30c, Baptisia 30c, Belladonna 30c, Bryonia 30c, Chelidonium 30c, Eupatorium 30c, Ferrum Phos 30c, Gelsemium 30c, Influenzinum 30c, Naja 30c, Nux Vomica 30c, Oscillo 30c, Phosphorous 30c,",318,PT
723937044,No7 Protect and Perfect Hand Cream Sunscreen SPF 15,"Octinoxate, Avobenzone and Octisalate",2983,PL
724470996,NEXIUM,Esomeprazole magnesium,9,CN
724471767,Hydrocortisone Maximum Strength,Hydrocortisone,463,CN
724750816,Warfarin Sodium,Warfarin,974,TH
725183060,"Food - Plant Source, Yeast, Brewer Saccharomyces cerevisiae","Yeast, Brewer Saccharomyces cerevisiae",1628,US
725762649,ESSENTIAL SOLUTION VITA A MASK SHEET,"GLYCERIN, ALLANTOIN",1004,US
729868349,CamreseLo,levonorgestrel/ethinyl estradiol and ethinyl estradiol,1552,CN
730540965,LIFT LUMIERE,OCTINOXATE and TITANIUM DIOXIDE,4698,ID
732535264,Celexa,citalopram hydrobromide,4956,SE
733577145,Good Sense Night Time,"acetaminophen, dextromethorphan hydrobromide, doxylamine succinate",3845,JP
734377182,White Mertodol,Benzalkonium Chloride,3513,PT
734464843,SELEGILINE HYDROCHLORIDE,SELEGILINE HYDROCHLORIDE,2838,BR
734762551,VENTOLIN,albuterol sulfate,4796,ID
735669427,Orphenadrine Citrate,Orphenadrine Citrate,3761,CU
736674311,Levofloxacin,Levofloxacin,4615,PH
736836114,Propoven,PROPOFOL,2300,PL
737528840,Filbert,Filbert,1226,PL
738390372,Waterless Anti-Bacterial Hand Cleanser,Alcohol,181,CZ
738972960,Ringl,acetaminophen,3554,ID
743288862,Prednisone,PREDNISONE,4095,HN
743494119,Amoxicillin,Amoxicillin,4064,PH
745697941,Ketoconazole,Ketoconazole,1951,CN
746020033,Tacrolimus,Tacrolimus,2598,NG
746964452,Fludarabine Phosphate,Fludarabine Phosphate,4819,CN
747110371,Cover Fx BB Gel Mattfying Anti-Blemish N X-Deep,SALICYLIC ACID,23,PL
747492084,Iodent Fluoride Toothpaste,Fluoride Toothpaste,1178,PE
747598032,IPKN HYDRO AND PORE BB 02 MEDIUM,"itanium dioxide, Octinoxate, Octisalate, Zinc Oxide",2493,PH
747836045,Sertraline,Sertraline,2384,CN
753271885,Cough DM,dextromethorphan polistirex,206,US
753592597,Esgic,"butalbital, acetaminophen and caffeine",3030,ZA
753690908,Osteosis,"bos taurus bone, sus scrofa bone, calcitonin, bos taurus cartilage, sus scrofa cartilage, bos taurus red blood cell, sus scrofa red blood cell, interleukin-3, bos taurus parathyroid gland, sus scrofa parathyroid gland, vitamin d",1463,CN
754575506,Docusate Sodium,Docusate Sodium,823,ID
755294428,Clotrimazole,clotrimazole,3116,TL
756916489,Arthritis Pain Reliever,Acetaminophen,4937,FR
757796255,CRESTOR,Rosuvastatin calcium,2778,CN
757879124,Gnaphalium Stannum,Gnaphalium Stannum,864,PL
761247347,Hydrocodone Bitartrate and Ibuprofen,Hydrocodone Bitartrate and Ibuprofen,1347,PE
762293338,up and up antibiotic,"bacitracin, neomycin, polymyxin B",1561,SB
763230977,Eve Lom Radiance Lift Foundation SPF 15,Titanium Dioxide and Octinoxate,5000,KE
764913183,Candida,Candida albicans,2625,RU
766410353,Coppertone Wet n Clear,"Avobenzone, Homosalate, Octisalate, Octocrylene, and Oxybenzone",1118,KI
767215115,HILL COUNTRY ESSENTIALS,TRICLOSAN,3304,PL
768172304,CVS Pharmacy,Benzocaine,230,CN
768995208,MISSHA SIGNATURE WRINKLE FILLER BB,TITANIUM DIOXIDE,2776,NL
769161365,SKIN 79 Super Plus Beblesh Balm Triple Functions SPF25 PA (40g),"ZINC OXIDE, OCTISALATE, TITANIUM DIOXIDE",1604,BR
769563818,Infectiguard Hand Sanitizer,ETHYL ALCOHOL,149,BR
770046366,Day Time Cold and Flu,"Acetaminophen, Dextromethorphan Hydrobromide, Phenylephrine Hydrochloride",685,PL
771044981,LEADER Cough Drops Cherry Flavor,MENTHOL,3044,BR
771477599,DIDREX,benzphetamine hydrochloride,1933,PT
772733152,Leader Extra Strength Pain Relief,Acetaminophen,1058,CN
773859736,Sanafitil,Undecylenic Acid,4121,ZA
774013196,Carbidopa and levodopa,Carbidopa and levodopa,3400,ID
774475565,equate arthritis pain,Acetaminophen,4853,US
775131665,EPANED,enalapril maleate,2116,PH
776145555,Pain Relief,Acetaminophen,2636,PT
779085163,Multi-Symptom Cold Relief,"Acetaminophen, Dextromethorphan HBr, Phenylephrine HCl and Chlorpheniramine Maleate",4826,CN
779557794,Minitran,NITROGLYCERIN,2742,ID
781342003,LBel,Octinoxate and Oxybenzone,1628,RU
781664902,WRINKLESS PLUS,DIMETHICONE,3365,ID
781667249,ANTIBACTERIAL FOAMING,TRICLOSAN,2981,VN
782085681,Dexamethasone,Dexamethasone,1453,CA
782230098,PENTOXIFYLLINE,PENTOXIFYLLINE,4079,FI
783359171,OXCARBAZEPINE,OXCARBAZEPINE,2572,FR
784185870,Tizanidine,Tizanidine,2436,FR
784692007,SEROQUEL,QUETIAPINE FUMARATE,3392,ID
785149577,BETULA LENTA POLLEN,Birch White,4689,TH
788156519,Kariva,Desogestrel/Ethinyl Estradiol and Ethinyl Estradiol,4169,KM
789645988,KHEDEZLA,desvenlafaxine,2923,CN
789911737,THE FLOWER UV INTENSE PACT,ZINC OXIDE,1687,CN
789972723,Kogenate FS,Antihemophilic Factor (Recombinant),948,US
792865123,Handy Solutions Kidz Crest,Sodium Fluoride,779,JP
793522112,TopCare Daily Moisturizer,"avobenzone, octinoxate,octisalate",8,PL
794316111,"Dextroamphetamine saccharate, amphetamine aspartate, dextroamphetamine sulfate, and amphetamine sulfate","Dextroamphetamine saccharate, Amphetamine aspartate, Dextroamphetamine sulfate, and Amphetamine sulfate",1563,CN
794902617,Triamcinolone Acetonide,Triamcinolone Acetonide,274,JP
795298599,Prostate,"Thyroidinum, Baryta carb., Berber. vulg., Bryonia, Calc. carb., Cinchona, Conium, Digitalis, Ferrum picricum, Hydrastis, Iodium, Lycopodium, Nux vom., Pareira, Pulsatilla, Sabal, Selenium, Staphysag., Thuja occ., Trifolium pratense, Echinacea, Hydrastis, Lappa, Solidago",1823,ID
795765768,Sweet Gum,Sweet Gum,104,RU
796332634,Sudo-Tab PE,phenylephrine hcl,3824,CN
796759657,English Walnut,English Walnut,62,CN
798047120,spironolactone,SPIRONOLACTONE,2131,PT
799863287,Clamue Healthy Fresh BB Cream Medium Deep,"Titanium Dioxide, Ethylhexyl Methoxycinnamate, Ethylhexyl Salicylate, Zinc Oxide",4462,RU
799988893,Nausea and Vomiting,"aconite 30c, arsenicum album 30c, asarum 30c, conium mac 30c, ipecac 30c, kreosotum 30c, lacticum acidum 30c, medorrhinum 30c, nat mur 30c, nux moschata 30c, nux vomica 30c, phosphorus 30c, pulsatilla 30c, sepia 30c, tobacum 30c, nicotinum 30c",3,PA
800150844,Brome Grass,Brome Grass,4187,KE
800305139,Vanos,fluocinonide,3371,CZ
801416409,CLE DE PEAU BEAUTE RADIANT FLUID FOUNDATION,OCTINOXATE and TITANIUM DIOXIDE,4027,TD
801436065,Carbaphen Ped CH,"Chlophedianol HCL, Chlorpheniramine Maleate and Phenylephrine HCl",2618,ID
804314732,DR. RECKEWEG R47 Neuroglobin,"Asafoetida 12X, Coffea cruda 30X, Glonoinum 12X, Ignatia amara 30X, Lachesis mutus 30X, Moschus 12X, Pulsatilla 30X",618,BH
806567851,AMBROSIA BIDENTATA POLLEN,Southern Ragweed,2066,SA
807132210,Atenolol,atenolol,3934,CO
807890850,Metoprolol tartrate,metoprolol tartrate,2228,CN
807899954,Fexofenadine Hydrochloride,Fexofenadine Hydrochloride,4958,ID
808638877,AVEENO,AVEENO,147,PH
809516809,Imiquimod,Imiquimod,4198,PY
810362451,Cefadroxil,Cefadroxil,1516,CN
811088739,Platinum for Men,"Cyanocobalamin, Glandula suprarenalis suis, Kali carbonicum, L-carnitine, L-glutamine, L-ornithine, L-tryptophan, L-tyrosine,",189,CN
811920632,Ramipril,Ramipril,3654,ID
813815405,Gas Relief,SIMETHICONE,4115,ID
815072066,Lorazepam,Lorazepam,932,BR
815273031,SohMed Allergy Sinus,"Acetaminophen, Chlorpheniramine maleate, and Phenylephrine HCl",777,CN
815678602,Lamotrigine,Lamotrigine,3395,ID
816204056,Hydrocodone Bitartrate and Acetaminophen Tablets,Hydrocodone Bitartrate and Acetaminophen,4354,ID
818135762,Seasonal Allergy Pet Formula,"Hydrastis Canadensis, Kali Muriaticum, Gelsemium Sempervirens, Kali Bichromicum, Sabadilla, Histaminum, House Dust, Grass Mix, Trees Mix, Weeds Mix",4619,CN
818220265,Daytime Cold and Flu Relief,"acetaminophen, dextromethorphan Hydrobromide, Phenylephrine Hydrochloride",2152,AR
818786697,Fever Inflammations,ATROPA BELLADONNA,2031,BJ
819083807,Licel,"Piperonly Butoxide, Pyrethrum Extract",2631,UY
821460253,Flawless Finish Dual Perfection Makeup SPF 8 Honey,Titanium Dioxide,3883,FR
822480694,Germicida,Triclosan,1566,ID
824441975,Chest Congestion Relief,Guaifenesin,3473,SY
827419156,Sotalol Hydrochloride,Sotalol Hydrochloride,4684,CM
827823059,FORTAZ,ceftazidime sodium,2714,KM
828837052,Enflurane,Enflurane,3481,TH
829004372,Immune Support System,"Penicillium Notatum, Penicillium Frequentans, Aconitum Napellus, Ferrum Phosphoricum",47,CN
829093413,X Out Spot Corrector,SULFUR,3637,JP
829666501,BROCCOLI,broccoli,4830,PH
830085980,Ciprofloxacin,Ciprofloxacin,4229,US
830524794,Omeprazole,omeprazole,999,CZ
831589840,PURELL Advanced Hand Sanitizer Wintergreen Mint,ALCOHOL,4514,PL
833472206,Meloxicam,Meloxicam,2292,MX
833817363,Dove,Aluminum Zirconium Tetrachlorohydrex GLY,1386,CN
833920127,Ranitidine,Ranitidine,454,CN
835470088,Adderall,"Dextroamphetamine Sulfate, Dextroamphetamine Saccharate, Amphetamine Sulfate and Amphetamine Aspartate",4307,MX
836186395,Zostrix Foot Pain Relief,capsaicin,1835,CZ
837801031,Levetiracetam,Levetiracetam,52,CZ
837928354,Halaven,eribulin mesylate,954,AM
838228432,Felodipine,felodipine,4386,CN
838910092,Bupivacaine Hydrochloride,BUPIVACAINE HYDROCHLORIDE,1731,SE
842121530,PLAGENTRA SOOTHING REVOLUTION SUNCITY,"OCTINOXATE, OCTISALATE",2149,RU
842425038,Nail Fungus Control,"CALENDULA OFFICINALIS FLOWERING TOP, GERANIUM MACULATUM ROOT, and Silicon Dioxide",3251,NO
844516491,Cepacol,Benzocaine and Menthol,3868,CO
845621071,Foscavir,foscarnet sodium,2934,ID
846805918,Alcohol Prep pad,Isopropyl Alcohol,1844,BA
847385172,Methazolamide,methazolamide,4122,NE
848693022,Divalproex Sodium,Divalproex Sodium,4114,SY
849143270,Acetaminophen Phenylephrine HCl,Acetaminophen 500mg Phenylephrine HCl 5mg,1079,AL
851143338,Diltiazem Hydrochloride,Diltiazem Hydrochloride,755,PH
851891259,CARBON DIOXIDE,CARBON DIOXIDE,2823,ID
852548727,LEADER Hydrogen Peroxide Wipes,HYDROGEN PEROXIDE,704,BR
853432892,Carisoprodol,Carisoprodol,3675,US
853705566,Furosemide,Furosemide,104,PH
854467650,Prenaissance Plus,"CALCIUM CITRATE, IRON PENTACARBONYL, CHOLECALCIFEROL, .ALPHA.-TOCOPHEROL ACETATE, DL-, PYRIDOXINE HYDROCHLORIDE, FOLIC ACID, DOCUSATE SODIUM and DOCONEXENT",3249,CN
856695710,Rexall Childrens Allergy,Diphenhydramine HCl,3617,SE
857046648,ANTI BACTERIAL HAND SANITIZER,ETHYL ALCOHOL,212,PA
857046745,Naproxen Sodium,Naproxen Sodium,2889,JP
857980668,Cetirizine Hydrochloride and Pseudoephedrine Hydrochloride,Cetirizine Hydrochloride and Pseudoephedrine Hydrochloride,780,ID
858044153,Wonderblur Immediate Skin Smoothing Finishing Broad Spectrum SPF30,"Avobenzone, Homosalate, Octisalate, Octocrylene, Oxybenzone",1961,UA
858183029,MISSHA SIGNATURE COMPLEXION COORDINATING BB,"TITANIUM DIOXIDE, OCTINOXATE, ZINC OXIDE",1421,JP
858279059,ACETAMINOPHEN,ACETAMINOPHEN,3695,ID
859344800,Tummy Upset,"Bismuthum metallicum, Aloe, Angelica sinensis radix, Antimon. crud., Arg. nit., Arnica, Arsenicum alb., Baptisia, Bryonia, Cinchona, Graphites, Hydrastis, Ipecac., Lachesis, Lycopodium, Myrrha, Nat. carb., Nux vom., Phosphorus, Pulsatilla, Zingiber, Chamomilla, Echinacea, Iris versicolor, Ruta, Taraxacum",87,ID
860599820,Flawless Finish Dual Perfection Makeup SPF 8 Shell,Titanium Dioxide,3853,PL
861898728,Miconazole 3 Combination Pack,miconazole nitrate,4005,CN
862402556,Butrans,buprenorphine,384,RU
862786215,Nitrofurantoin Macrocrystals,Nitrofurantoin Macrocrystals,3894,LK
862918043,Antibacterial Hand Sanitizer,ALCOHOL,3150,BR
864971989,Halog,Halcinonide Cream,18,FR
865087488,CLE DE PEAU BEAUTE UV PROTECTION,"OCTINOXATE, OCTOCRYLENE, and ZINC OXIDE",2101,CN
865752607,No Foundation Foundation No.1 Fair to Light,Zinc Oxide and Titanium Dioxide,4278,NZ
866462846,ZOLPIDEM TARTRATE,zolpidem tartrate,4300,ID
867040523,Antibacterial,chloroxylenol,3519,PH
868153283,Jun Wai Lung Medicine,Camphor Menthol Methyl Salicylate,3739,RU
868253870,Clarithromycin,Clarithromycin,1288,AR
869173876,equaline anti itch,hydrocortisone,1261,RU
869378042,Arnica 6c,ARNICA MONTANA,218,AR
870655742,SHISEIDO RADIANT LIFTING FOUNDATION,OCTINOXATE and TITANIUM DIOXIDE,4110,AR
871722069,COLLAGEN HD PRIIMER BB,"TITANIUM DIOXIDE, OCTINOXATE, OCTISALATE",1318,CN
873634317,Buspirone HCl,Buspirone hydrochloride,1893,IR
874897531,pravastatin sodium,pravastatin sodium,3858,MK
879911855,meijer,Bacitracin Zinc,4768,CN
881157442,CONGESTIVE HEADACHE,SOLANUM NIGRUM TOP,1069,AF
881357322,pain reliever,Acetaminophen,2635,GT
881676664,Rabeprazole Sodium,Rabeprazole Sodium,1362,AR
882052910,Amoxicillin and Clavulanate Potassium,Amoxicillin and Clavulanate Potassium,2549,MT
882275127,PAROEX,Chlorhexidine Gluconate,2484,ID
882885603,Itchy Eye,Ketotifen Fumarate,2268,CN
883221531,Trauma Drama,"Belladonna, Calendula officinalis, Bellis perennis, Hypericum perforatum, Arnica montana, Mercuris solubilis, Symphytum officinale, Rhus toxicodendron, Ruta graveolens",2998,VN
883387631,O HUI WRINKLE SCIENCE WRINKLE REPAIR,HYDROXYPROLINE,107,PH
883455965,Ziprasidone Hydrochloride,Ziprasidone Hydrochloride,287,PT
883596678,Renagel,Renagel,4861,GE
883717955,SBS 40 Medicated Cream,Allantoin,220,ID
883847280,2 Pack Assured Instant Hand Sanitizer with moisturizers (Vitamin E and aloe),ALCOHOL,4821,BH
883901866,Sarna,pramoxine hydrochloride,4975,RU
884086375,Allergy Relief,fexofenadine hcl,2385,ID
884187041,Zolpidem Tartrate,Zolpidem Tartrate,3141,CN
885526598,ibuprofen,Ibuprofen,4162,MY
885637965,Dolce and Gabbana The Lift Foundation Bisque 75,"OCTINOXATE, TITANIUM DIOXIDE",2004,PT
886379180,KETOROLAC TROMETHAMINE,KETOROLAC TROMETHAMINE,4414,CN
886546989,Aspirin,Aspirin,642,RU
886587291,Amoxicillin,Amoxicillin,3392,NE
887466034,Cyclophosphamide,Cyclophosphamide,365,SE
887546759,Fludarabine Phosphate,Fludarabine Phosphate,2922,CN
888307021,Naproxen,Naproxen,1629,PL
888560424,Diltiazem Hydrochloride,diltiazem hydrochloride,449,ZA
888759724,Citalopram Hydrobromide,Citalopram Hydrobromide,572,PH
888812213,Clarins Sunscreen Care Milk- SPF 50 Plus,"HOMOSALATE, OXYBENZONE, OCTISALATE, AVOBENZONE, OCTOCRYLENE",542,CN
889025264,Valacyclovir hydrochloride,Valacyclovir hydrochloride,623,CN
889822506,LBEL EFFET PARFAIT Spots Reducing Effect Foundation SPF 18 - OBSCURE 8,"OCTINOXATE, OXYBENZONE",4019,TN
891257696,TOTAL FEM-BAL,"ADRENALINUM,PULSATILLA,CHOLESTERINUM,FOLLICULINUM,HYPOTHALAMUS,OOPHORINUM,ADRENAL CORTEX, ANDROSTENEDIONE,DHEA,PREGNANOLONE,PROGESTERONE,TESTERONE",1176,CN
892890129,"Dock, Yellow Pollen",Rumex crispus,3742,SI
893776076,SENNA TIME S,DOCUSATE SODIUM-SENNOSIDES,3223,GE
894226695,Amlodipine Besylate,Amlodipine Besylate,4925,SK
895233899,Pravastatin Sodium,Pravastatin Sodium,4717,PT
895876800,Duraclon,clonidine hydrochloride,3341,PE
896185542,RIBASPHERE RibaPak,ribavirin,3440,TD
896757326,Treatment Set TS330359,Treatment Set TS330359,3843,TH
896910805,INCHCO Brand SANI-DERM Antiseptic Hand Wash,CHLOROXYLENOL,3219,CN
897767164,ZESTRIL,Lisinopril,1431,ID
899828803,Isosorbide Dinitrate,Isosorbide Dinitrate,2693,ID
900689744,Oxcarbazepine,Oxcarbazepine,3855,GN
902783302,Painzaway Balm,camphor,3418,KP
903375186,PLACENTA EX EYE,Dimethicone,1453,PH
904176960,Opium Tincture Deodorized,Morphine,147,JP
905426586,Calming Dynamics Kit,Calming Testers,1127,AZ
906311767,Sure Antiperspirant Deodorant Fresh,Aluminum Chlorohydrate,1450,CN
906540654,LBEL HYDRATESS,Octinoxate and Oxybenzone,4242,FO
909097388,Head and Shoulders,Pyrithione Zinc,2887,PL
910804301,Bisoprolol Fumarate,Bisoprolol Fumarate,3375,CO
912901774,Hydroxyzine Hydrochloride,Hydroxyzine Hydrochloride,1600,RU
914217717,Denti-Care Denti-Freeze,benzocaine,3714,CL
914242715,Amoxicillin,Amoxicillin,4979,BR
914265681,Hepar Magnesium 6 Special Order,Hepar Magnesium 6 Special Order,4555,LY
914653804,Psoriasin Gel,Coal Tar Topical Gel,687,CN
914795506,Ramipril,Ramipril,1610,RU
917496945,Disney Antibacterial Hand Wipes,BENZALKONIUM CHLORIDE,752,BR
917815830,MEDIQUE I-PRIN,Ibuprofen,1294,HN
917981299,Isordil,isosorbide dinitrate,1704,GN
919774017,Ibuprofen,Ibuprofen,322,CN
920458047,"QCare Oral Cleansing and Suctioning System, Q2",HYDROGEN PEROXIDE,1489,AD
921302174,Carbamazepine,Carbamazepine,2697,CA
923530745,Afrin,Oxymetazoline hydrochloride,1800,US
926478471,Losartan Potassium,Losartan Potassium,2549,ID
927991681,Metronidazole,Metronidazole,1652,MG
928265981,HELMINTHOSPORIUM SOLANI,HELMINTHOSPORIUM SOLANI,1177,CN
929075254,Ulta Lavender Woods Anti-Bacterial Deep Cleansing,Triclosan,548,JP
929638513,Cyclosporine,Cyclosporine,2415,IE
932317136,Nettle,Nettle,1439,US
932448052,Loperamide Hydrochloride,Loperamide Hydrochloride,4717,RU
932682272,Metoprolol Succinate,Metoprolol Succinate,2625,LC
934080957,Good Sense Milk of Magnesia,Magnesium hydroxide,1684,ID
934520627,Simvastatin,Simvastatin,3302,US
934656540,Personal Care Antifungal,TOLNAFTATE,3006,BR
935152386,Benzonatate,Benzonatate,3731,CN
935189207,Lithium Carbonate,Lithium Carbonate,2976,PH
935990035,up and up ibuprofen,Ibuprofen,3608,AR
936731411,Tamsulosin Hydrochloride,Tamsulosin Hydrochloride,2933,PL
937595236,BZK,benzalkonium chloride,2973,PL
938293149,Creamsicle Hand Sanitizer,ALCOHOL,1708,ID
939256333,PURELL Advanced Hand Sanitizer Winterberry Delight,ALCOHOL,250,TJ
940186549,Ruby-Cell 4U B B 10 in 1,GLYCERIN,3616,UA
940279069,Amturnide,Aliskiren Hemifumarate and Amlodipine Besylate and Hydrochlorothiazide,1152,BD
941727549,Verapamil Hydrochloride,Verapamil Hydrochloride,4943,NG
942739930,Quetiapine Fumarate,Quetiapine Fumarate,1133,CN
943128777,NATRUM SULPHURICUM,NATRUM SULPHURICUM,1059,PH
943876516,Clobetasol Propionate,clobetasol propionate,2939,PH
945070143,"Food - Plant Source, Yeast, Baker Saccharomyces cerevisiae","Yeast, Baker Saccharomyces cerevisiae",2634,FR
946105850,Recovatone,"Glycyrrhiza glabra, Kali muriaticum Magnesia muriatica, Tribulus terrestris, Zincum gluconicum, Kali phosphoricum, Natrum muriaticum, Iodium, Phosphorus, Adrenalinum, Adrenocorticotrophin, Ascorbicum",4880,PL
947557628,Ofloxacin Otic,Ofloxacin,3586,PH
947862429,05 Moisture Foundation SPF 15,Octinoxate and Zinc Oxide,839,JP
949717163,Dynamic Skin Recovery,"Avobenzone, Octinoxate, Octisalate, and Oxybenzone",1467,FR
949991970,HYDROXYZINE HYDROCHLORIDE,HYDROXYZINE HYDROCHLORIDE,3311,PT
950219631,Clearasil Ultra,Salicylic Acid,595,ID
950373566,White Pepper,White Pepper,3558,CN
951036871,Scrub Solution,POVIDONE-IODINE,3659,TH
951124684,Pleo Nig Ex,Aspergillus niger immunoserum rabbit,2783,FR
951155469,complete,"famotidine, calcium carbonate and magnesium hydroxide",819,GR
951521978,NATURCOKSINUM,ANAS BARBARIAE HEPATIS ET CORDIS EXTRACTUM,4579,DO
951823003,Colocynthis Homaccord,GNAPHALIUM and CITRULLUS COLOCYNTHIS FRUIT WITHOUT SEED,3103,ID
951986293,bisoprolol fumarate,bisoprolol fumarate,4638,CN
952027950,Forest Sap Patch,TOPICAL STARCH,2292,CO
953457285,Tobramycin,Tobramycin,3282,RU
953875278,Oxygen,Oxygen,2258,CN
954320168,Labetalol Hydrochloride,Labetalol Hydrochloride,1994,CN
955673960,Tekturna HCT,aliskiren hemifumarate and hydrochlorothiazide,1974,CN
958239184,Ranitidine,Ranitidine,2880,ID
959505346,Anti-Bacterial Deep Cleansing Hand,Triclosan,4443,BR
959971938,Lidocaine Hydrochloride,Lidocaine Hydrochloride,664,ML
960810674,CLE DE PEAU BEAUTE PW FOUNDATION s,Octinoxate and Titanium dioxide,4180,NO
961754235,Ciprofloxacin,CIPROFLOXACIN HYDROCHLORIDE,4629,BR
962055333,Alprazolam,Alprazolam,1999,CN
963195998,Ziprasidone Hydrochloride,Ziprasidone Hydrochloride,1627,PT
964723184,Oxycodone and Aspirin,oxycodone and aspirin,2096,UA
964989715,Exchange Select Calcium Antacid,calcium carbonate,4215,SE
966648587,Fludeoxyglucose,Fludeoxyglucose F18,4823,PK
968366191,Relaxoforce,"Humulus Lupulus, Passiflora Incarnata, Valeriana OFficinalis, Calcarea Carbonica, Coffea Tosta, Ignatia Amara",4722,SY
968445489,TheraPlusPlus,NEOMYCIN,621,PL
969835205,smart sense allergy,Ketotifen Fumarate,248,CN
970070017,SHISEIDO SHEER MATIFYING COMPACT (REFILL),Octinoxate and Titanium dioxide,1964,CN
971773223,Zap APF,Sodium Fluoride,1917,CA
972147005,Sprayology Snore Soother,"Antimonium tartaricum, Carbo vegetabilis, Mercurius corrosivus, Mucosa nasalis suis, Quebracho, Sticta pulmonaria, Teucrium marum",1702,CN
972733538,Codeine Sulfate,codeine sulfate,2830,ID
973040411,Glyburide and Metformin,Glyburide and Metformin,4734,CN
973562914,Chocolated Laxative,Sennosides Stimulant Laxative,4824,BR
974688868,INTRON A,Interferon alfa-2b,2481,MN
976056946,Xyrem,sodium oxybate,2908,CG
976434318,Metronidazole,Metronidazole,3056,PH
976533877,Oticin,Chloroxylenol / Pramoxine HCl,710,SE
978177518,Headache Relief to Go,aspirin and caffeine,1899,CN
978515964,Ipratropium Bromide and Albuterol Sulfate,ipratropium bromide and albuterol sulfate,1831,JP
978630450,Sertraline Hydrochloride,Sertraline Hydrochloride,1242,ID
979401615,Exforge HCT,amlodipine valsartan and hydrochlorothiazide,1347,CN
980184584,All Day Relief,"Naproxen Sodium, Coated Tablets",3729,ID
980271814,Aspirin,Aspirin,3257,RU
981138881,naproxen sodium,Naproxen sodium,326,CN
981441203,OXYCODONE HYDROCHLORIDE,oxycodone hydrochloride,1087,PL
982543445,Burrobrush,Burrobrush,4807,SE
983147373,Dial Odor Armor,Triclocarban,981,RU
983855436,Santalia Clinical Acne,Salicylic Acid,4662,HR
985834625,Film Coated Ibuprofen,Ibuprofen,4714,MV
987264867,Gemfibrozil,Gemfibrozil,1387,ID
987502518,Shopko Antibacterial Deep Cleansing Hand,Triclosan,3883,BO
987606782,HEADACHE DRY COUGH,NAJA NAJA VENOM,1698,ID
